{
    "tabs": [
        {
            "name": "Magic",
            "fields": [
                { "type": "boolean", "title": "交换Caps和LCtrl键", "qsid": 21, "width": 4, "bit": 0 },
                { "type": "boolean", "title": "Caps键视为Ctrl键", "qsid": 21, "width": 4, "bit": 1 },
                { "type": "boolean", "title": "交换LAlt和LGui键", "qsid": 21, "width": 4, "bit": 2 },
                { "type": "boolean", "title": "交换RAlt和RGui键", "qsid": 21, "width": 4, "bit": 3 },
                { "type": "boolean", "title": "锁定Gui键", "qsid": 21, "width": 4, "bit": 4 },
                { "type": "boolean", "title": "交换`和ESC键", "qsid": 21, "width": 4, "bit": 5 },
                { "type": "boolean", "title": "交换\\和Backspace键", "qsid": 21, "width": 4, "bit": 6 },
                { "type": "boolean", "title": "开启全键无冲", "qsid": 21, "width": 4, "bit": 7 },
                { "type": "boolean", "title": "交换LCtrl和LGui键", "qsid": 21, "width": 4, "bit": 8 },
                { "type": "boolean", "title": "交换RCtrl和RGui键", "qsid": 21, "width": 4, "bit": 9 }
            ]
        },
        {
            "name": "Grave Escape",
            "fields": [
                { "type": "boolean", "title": "Alt键按下时发送Esc按键", "qsid": 1, "bit": 0 },
                { "type": "boolean", "title": "Ctrl键按下时发送Esc按键", "qsid": 1, "bit": 1 },
                { "type": "boolean", "title": "Gui键按下时发送Esc按键", "qsid": 1, "bit": 2 },
                { "type": "boolean", "title": "Shift键按下时发送Esc按键", "qsid": 1, "bit": 3 }
            ]
        },
        {
            "name": "点击-长按",
            "fields": [
                { "type": "integer", "title": "单击判定时间", "qsid": 7, "min": 0, "max": 10000, "width": 2 },
                { "type": "boolean", "title": "允许点击触发长按切层键(如LT)", "qsid": 8, "bit": 0 },
                { "type": "boolean", "title": "忽略修饰键冲突", "qsid": 8, "bit": 1 },
                { "type": "boolean", "title": "第N次点击触发长按功能", "qsid": 8, "bit": 2 },
                { "type": "boolean", "title": "长按切层后无动作则发送点击键值", "qsid": 8, "bit": 3 },
                { "type": "integer", "title": "按下与释放键间延迟时间", "qsid": 18, "min": 0, "max": 1000, "width": 2 },
                { "type": "integer", "title": "Caps键激活延迟时间", "qsid": 19, "min": 0, "max": 1000, "width": 2 }
            ]
        },
        {
            "name": "自动Shift",
            "fields": [
                { "type": "boolean", "title": "启用", "qsid": 3, "bit": 0 },
                { "type": "boolean", "title": "允许修饰键", "qsid": 3, "bit": 1 },
                { "type": "integer", "title": "触发时间", "qsid": 4, "min": 0, "max": 1000, "width": 2 },
                { "type": "boolean", "title": "符号键不启用", "qsid": 3, "bit": 2 },
                { "type": "boolean", "title": "数字键不启用", "qsid": 3, "bit": 3 },
                { "type": "boolean", "title": "字母键不启用", "qsid": 3, "bit": 4 },
                { "type": "boolean", "title": "启用重复键", "qsid": 3, "bit": 5 },
                { "type": "boolean", "title": "触发后关闭重复键", "qsid": 3, "bit": 6 }
            ]
        },
        {
            "name": "组合键",
            "fields": [
                { "type": "integer", "title": "组合键触发时间", "qsid": 2, "min": 0, "max": 10000, "width": 2 }
            ]
        },
        {
            "name": "粘滞键",
            "fields": [
                { "type": "integer", "title": "长按该键的点击次数(直到再次点击释放)", "qsid": 5, "min": 0, "max": 50, "width": 1 },
                { "type": "integer", "title": "粘滞键释放时间", "qsid": 6, "min": 0, "max": 60000, "width": 2 }
            ]
        },
        {
            "name": "鼠标键",
            "fields": [
                { "type": "integer", "title": "按下移动键和光标移动之间的延迟", "qsid": 9, "min": 0, "max": 10000, "width": 2 },
                { "type": "integer", "title": "游标移动之间的间隔时间(毫秒)", "qsid": 10, "min": 0, "max": 10000, "width": 2 },
                { "type": "integer", "title": "移动步长", "qsid": 11, "min": 0, "max": 1000, "width": 2 },
                { "type": "integer", "title": "光标停止加速时的最大速度", "qsid": 12, "min": 0, "max": 1000, "width": 2 },
                { "type": "integer", "title": "光标达到最大速度的时间", "qsid": 13, "min": 0, "max": 1000, "width": 2 },
                { "type": "integer", "title": "按下滚轮键和滚轮移动之间的延迟", "qsid": 14, "min": 0, "max": 10000, "width": 2 },
                { "type": "integer", "title": "滚轮移动之间的间隔时间(毫秒)", "qsid": 15, "min": 0, "max": 10000, "width": 2 },
                { "type": "integer", "title": "每次滚轮动作的最大滚轮步数", "qsid": 16, "min": 0, "max": 1000, "width": 2 },
                { "type": "integer", "title": "滚轮达到最大滚轮速度的时间", "qsid": 17, "min": 0, "max": 1000, "width": 2 }
            ]
        }
    ]
}
